,Unnamed: 0,Unnamed: 0.1,run,filepath
0,0,0,100,/nfs_storage2/opt/dsc/usol0201/pipeline/daily_1010/MergedFeatures/sean_20190306/scans/100/MergedFeatures_0_100_600.vti
1,1,0,101,/nfs_storage2/opt/dsc/usol0201/pipeline/daily_1010/MergedFeatures/sean_20190306/scans/101/MergedFeatures_0_101_600.vti
2,2,0,102,/nfs_storage2/opt/dsc/usol0201/pipeline/daily_1010/MergedFeatures/sean_20190306/scans/102/MergedFeatures_0_102_600.vti
3,3,0,103,/nfs_storage2/opt/dsc/usol0201/pipeline/daily_1010/MergedFeatures/sean_20190306/scans/103/MergedFeatures_0_103_600.vti
4,4,0,104,/nfs_storage2/opt/dsc/usol0201/pipeline/daily_1010/MergedFeatures/sean_20190306/scans/104/MergedFeatures_0_104_600.vti
5,5,0,105,/nfs_storage2/opt/dsc/usol0201/pipeline/daily_1010/MergedFeatures/sean_20190306/scans/105/MergedFeatures_0_105_600.vti
6,6,0,106,/nfs_storage2/opt/dsc/usol0201/pipeline/daily_1010/MergedFeatures/sean_20190306/scans/106/MergedFeatures_0_106_600.vti
7,7,0,110,/nfs_storage2/opt/dsc/usol0201/pipeline/daily_1010/MergedFeatures/sean_20190306/scans/110/MergedFeatures_0_110_600.vti
8,8,0,111,/nfs_storage2/opt/dsc/usol0201/pipeline/daily_1010/MergedFeatures/sean_20190306/scans/111/MergedFeatures_0_111_600.vti
9,9,0,112,/nfs_storage2/opt/dsc/usol0201/pipeline/daily_1010/MergedFeatures/sean_20190306/scans/112/MergedFeatures_0_112_600.vti
10,10,0,117,/nfs_storage2/opt/dsc/usol0201/pipeline/daily_1010/MergedFeatures/sean_20190306/scans/117/MergedFeatures_0_117_600.vti
11,11,0,118,/nfs_storage2/opt/dsc/usol0201/pipeline/daily_1010/MergedFeatures/sean_20190306/scans/118/MergedFeatures_0_118_600.vti
12,12,0,119,/nfs_storage2/opt/dsc/usol0201/pipeline/daily_1010/MergedFeatures/sean_20190306/scans/119/MergedFeatures_0_119_600.vti
13,13,0,120,/nfs_storage2/opt/dsc/usol0201/pipeline/daily_1010/MergedFeatures/sean_20190306/scans/120/MergedFeatures_0_120_600.vti
14,14,0,121,/nfs_storage2/opt/dsc/usol0201/pipeline/daily_1010/MergedFeatures/sean_20190306/scans/121/MergedFeatures_0_121_600.vti
15,15,0,124,/nfs_storage2/opt/dsc/usol0201/pipeline/daily_1010/MergedFeatures/sean_20190306/scans/124/MergedFeatures_0_124_600.vti
16,16,0,125,/nfs_storage2/opt/dsc/usol0201/pipeline/daily_1010/MergedFeatures/sean_20190306/scans/125/MergedFeatures_0_125_600.vti
17,17,0,126,/nfs_storage2/opt/dsc/usol0201/pipeline/daily_1010/MergedFeatures/sean_20190306/scans/126/MergedFeatures_0_126_600.vti
18,18,0,127,/nfs_storage2/opt/dsc/usol0201/pipeline/daily_1010/MergedFeatures/sean_20190306/scans/127/MergedFeatures_0_127_600.vti
19,19,0,128,/nfs_storage2/opt/dsc/usol0201/pipeline/daily_1010/MergedFeatures/sean_20190306/scans/128/MergedFeatures_0_128_600.vti
20,20,0,129,/nfs_storage2/opt/dsc/usol0201/pipeline/daily_1010/MergedFeatures/sean_20190306/scans/129/MergedFeatures_0_129_600.vti
21,21,0,130,/nfs_storage2/opt/dsc/usol0201/pipeline/daily_1010/MergedFeatures/sean_20190306/scans/130/MergedFeatures_0_130_600.vti
22,22,0,133,/nfs_storage2/opt/dsc/usol0201/pipeline/daily_1010/MergedFeatures/sean_20190306/scans/133/MergedFeatures_0_133_600.vti
23,23,0,134,/nfs_storage2/opt/dsc/usol0201/pipeline/daily_1010/MergedFeatures/sean_20190306/scans/134/MergedFeatures_0_134_600.vti
24,24,0,135,/nfs_storage2/opt/dsc/usol0201/pipeline/daily_1010/MergedFeatures/sean_20190306/scans/135/MergedFeatures_0_135_600.vti
25,25,0,140,/nfs_storage2/opt/dsc/usol0201/pipeline/daily_1010/MergedFeatures/sean_20190306/scans/140/MergedFeatures_0_140_600.vti
26,26,0,142,/nfs_storage2/opt/dsc/usol0201/pipeline/daily_1010/MergedFeatures/sean_20190306/scans/142/MergedFeatures_0_142_600.vti
27,27,0,143,/nfs_storage2/opt/dsc/usol0201/pipeline/daily_1010/MergedFeatures/sean_20190306/scans/143/MergedFeatures_0_143_600.vti
28,28,0,144,/nfs_storage2/opt/dsc/usol0201/pipeline/daily_1010/MergedFeatures/sean_20190306/scans/144/MergedFeatures_0_144_600.vti
29,29,0,145,/nfs_storage2/opt/dsc/usol0201/pipeline/daily_1010/MergedFeatures/sean_20190306/scans/145/MergedFeatures_0_145_600.vti
30,30,0,146,/nfs_storage2/opt/dsc/usol0201/pipeline/daily_1010/MergedFeatures/sean_20190306/scans/146/MergedFeatures_0_146_600.vti
31,31,0,147,/nfs_storage2/opt/dsc/usol0201/pipeline/daily_1010/MergedFeatures/sean_20190306/scans/147/MergedFeatures_0_147_600.vti
32,32,0,149,/nfs_storage2/opt/dsc/usol0201/pipeline/daily_1010/MergedFeatures/sean_20190306/scans/149/MergedFeatures_0_149_600.vti
33,33,0,150,/nfs_storage2/opt/dsc/usol0201/pipeline/daily_1010/MergedFeatures/sean_20190306/scans/150/MergedFeatures_0_150_600.vti
34,34,0,160,/nfs_storage2/opt/dsc/usol0201/pipeline/daily_1010/MergedFeatures/sean_20190306/scans/160/MergedFeatures_0_160_600.vti
35,35,0,162,/nfs_storage2/opt/dsc/usol0201/pipeline/daily_1010/MergedFeatures/sean_20190306/scans/162/MergedFeatures_0_162_600.vti
36,36,0,163,/nfs_storage2/opt/dsc/usol0201/pipeline/daily_1010/MergedFeatures/sean_20190306/scans/163/MergedFeatures_0_163_600.vti
37,37,0,164,/nfs_storage2/opt/dsc/usol0201/pipeline/daily_1010/MergedFeatures/sean_20190306/scans/164/MergedFeatures_0_164_600.vti
38,38,0,165,/nfs_storage2/opt/dsc/usol0201/pipeline/daily_1010/MergedFeatures/sean_20190306/scans/165/MergedFeatures_0_165_600.vti
39,39,0,166,/nfs_storage2/opt/dsc/usol0201/pipeline/daily_1010/MergedFeatures/sean_20190306/scans/166/MergedFeatures_0_166_600.vti
40,40,0,167,/nfs_storage2/opt/dsc/usol0201/pipeline/daily_1010/MergedFeatures/sean_20190306/scans/167/MergedFeatures_0_167_600.vti
41,41,0,169,/nfs_storage2/opt/dsc/usol0201/pipeline/daily_1010/MergedFeatures/sean_20190306/scans/169/MergedFeatures_0_169_600.vti
42,42,0,172,/nfs_storage2/opt/dsc/usol0201/pipeline/daily_1010/MergedFeatures/sean_20190306/scans/172/MergedFeatures_0_172_600.vti
43,43,0,173,/nfs_storage2/opt/dsc/usol0201/pipeline/daily_1010/MergedFeatures/sean_20190306/scans/173/MergedFeatures_0_173_600.vti
44,44,0,174,/nfs_storage2/opt/dsc/usol0201/pipeline/daily_1010/MergedFeatures/sean_20190306/scans/174/MergedFeatures_0_174_600.vti
45,45,0,175,/nfs_storage2/opt/dsc/usol0201/pipeline/daily_1010/MergedFeatures/sean_20190306/scans/175/MergedFeatures_0_175_600.vti
46,46,0,176,/nfs_storage2/opt/dsc/usol0201/pipeline/daily_1010/MergedFeatures/sean_20190306/scans/176/MergedFeatures_0_176_600.vti
47,47,0,181,/nfs_storage2/opt/dsc/usol0201/pipeline/daily_1010/MergedFeatures/sean_20190306/scans/181/MergedFeatures_0_181_600.vti
48,48,0,184,/nfs_storage2/opt/dsc/usol0201/pipeline/daily_1010/MergedFeatures/sean_20190306/scans/184/MergedFeatures_0_184_600.vti
49,49,0,188,/nfs_storage2/opt/dsc/usol0201/pipeline/daily_1010/MergedFeatures/sean_20190306/scans/188/MergedFeatures_0_188_600.vti
50,50,0,189,/nfs_storage2/opt/dsc/usol0201/pipeline/daily_1010/MergedFeatures/sean_20190306/scans/189/MergedFeatures_0_189_600.vti
51,51,0,190,/nfs_storage2/opt/dsc/usol0201/pipeline/daily_1010/MergedFeatures/sean_20190306/scans/190/MergedFeatures_0_190_600.vti
52,52,0,195,/nfs_storage2/opt/dsc/usol0201/pipeline/daily_1010/MergedFeatures/sean_20190306/scans/195/MergedFeatures_0_195_600.vti
53,53,0,196,/nfs_storage2/opt/dsc/usol0201/pipeline/daily_1010/MergedFeatures/sean_20190306/scans/196/MergedFeatures_0_196_600.vti
54,54,0,197,/nfs_storage2/opt/dsc/usol0201/pipeline/daily_1010/MergedFeatures/sean_20190306/scans/197/MergedFeatures_0_197_600.vti
55,55,0,198,/nfs_storage2/opt/dsc/usol0201/pipeline/daily_1010/MergedFeatures/sean_20190306/scans/198/MergedFeatures_0_198_600.vti
56,56,0,199,/nfs_storage2/opt/dsc/usol0201/pipeline/daily_1010/MergedFeatures/sean_20190306/scans/199/MergedFeatures_0_199_600.vti
57,57,0,200,/nfs_storage2/opt/dsc/usol0201/pipeline/daily_1010/MergedFeatures/sean_20190306/scans/200/MergedFeatures_0_200_600.vti
58,58,0,202,/nfs_storage2/opt/dsc/usol0201/pipeline/daily_1010/MergedFeatures/sean_20190306/scans/202/MergedFeatures_0_202_600.vti
59,59,0,203,/nfs_storage2/opt/dsc/usol0201/pipeline/daily_1010/MergedFeatures/sean_20190306/scans/203/MergedFeatures_0_203_600.vti
60,60,0,204,/nfs_storage2/opt/dsc/usol0201/pipeline/daily_1010/MergedFeatures/sean_20190306/scans/204/MergedFeatures_0_204_600.vti
61,61,0,205,/nfs_storage2/opt/dsc/usol0201/pipeline/daily_1010/MergedFeatures/sean_20190306/scans/205/MergedFeatures_0_205_600.vti
62,62,0,206,/nfs_storage2/opt/dsc/usol0201/pipeline/daily_1010/MergedFeatures/sean_20190306/scans/206/MergedFeatures_0_206_600.vti
63,63,0,207,/nfs_storage2/opt/dsc/usol0201/pipeline/daily_1010/MergedFeatures/sean_20190306/scans/207/MergedFeatures_0_207_600.vti
64,64,0,208,/nfs_storage2/opt/dsc/usol0201/pipeline/daily_1010/MergedFeatures/sean_20190306/scans/208/MergedFeatures_0_208_600.vti
65,65,0,209,/nfs_storage2/opt/dsc/usol0201/pipeline/daily_1010/MergedFeatures/sean_20190306/scans/209/MergedFeatures_0_209_600.vti
66,66,0,210,/nfs_storage2/opt/dsc/usol0201/pipeline/daily_1010/MergedFeatures/sean_20190306/scans/210/MergedFeatures_0_210_600.vti
67,67,0,211,/nfs_storage2/opt/dsc/usol0201/pipeline/daily_1010/MergedFeatures/sean_20190306/scans/211/MergedFeatures_0_211_600.vti
68,68,0,212,/nfs_storage2/opt/dsc/usol0201/pipeline/daily_1010/MergedFeatures/sean_20190306/scans/212/MergedFeatures_0_212_600.vti
69,69,0,214,/nfs_storage2/opt/dsc/usol0201/pipeline/daily_1010/MergedFeatures/sean_20190306/scans/214/MergedFeatures_0_214_600.vti
70,70,0,215,/nfs_storage2/opt/dsc/usol0201/pipeline/daily_1010/MergedFeatures/sean_20190306/scans/215/MergedFeatures_0_215_600.vti
71,71,0,216,/nfs_storage2/opt/dsc/usol0201/pipeline/daily_1010/MergedFeatures/sean_20190306/scans/216/MergedFeatures_0_216_600.vti
72,72,0,217,/nfs_storage2/opt/dsc/usol0201/pipeline/daily_1010/MergedFeatures/sean_20190306/scans/217/MergedFeatures_0_217_600.vti
73,73,0,218,/nfs_storage2/opt/dsc/usol0201/pipeline/daily_1010/MergedFeatures/sean_20190306/scans/218/MergedFeatures_0_218_600.vti
74,74,0,219,/nfs_storage2/opt/dsc/usol0201/pipeline/daily_1010/MergedFeatures/sean_20190306/scans/219/MergedFeatures_0_219_600.vti
75,75,0,220,/nfs_storage2/opt/dsc/usol0201/pipeline/daily_1010/MergedFeatures/sean_20190306/scans/220/MergedFeatures_0_220_600.vti
76,76,0,221,/nfs_storage2/opt/dsc/usol0201/pipeline/daily_1010/MergedFeatures/sean_20190306/scans/221/MergedFeatures_0_221_600.vti
77,77,0,222,/nfs_storage2/opt/dsc/usol0201/pipeline/daily_1010/MergedFeatures/sean_20190306/scans/222/MergedFeatures_0_222_600.vti
78,78,0,223,/nfs_storage2/opt/dsc/usol0201/pipeline/daily_1010/MergedFeatures/sean_20190306/scans/223/MergedFeatures_0_223_600.vti
79,79,0,224,/nfs_storage2/opt/dsc/usol0201/pipeline/daily_1010/MergedFeatures/sean_20190306/scans/224/MergedFeatures_0_224_600.vti
80,80,0,229,/nfs_storage2/opt/dsc/usol0201/pipeline/daily_1010/MergedFeatures/sean_20190306/scans/229/MergedFeatures_0_229_600.vti
81,81,0,231,/nfs_storage2/opt/dsc/usol0201/pipeline/daily_1010/MergedFeatures/sean_20190306/scans/231/MergedFeatures_0_231_600.vti
82,82,0,232,/nfs_storage2/opt/dsc/usol0201/pipeline/daily_1010/MergedFeatures/sean_20190306/scans/232/MergedFeatures_0_232_600.vti
83,83,0,233,/nfs_storage2/opt/dsc/usol0201/pipeline/daily_1010/MergedFeatures/sean_20190306/scans/233/MergedFeatures_0_233_600.vti
84,84,0,236,/nfs_storage2/opt/dsc/usol0201/pipeline/daily_1010/MergedFeatures/sean_20190306/scans/236/MergedFeatures_0_236_600.vti
85,85,0,237,/nfs_storage2/opt/dsc/usol0201/pipeline/daily_1010/MergedFeatures/sean_20190306/scans/237/MergedFeatures_0_237_600.vti
86,86,0,239,/nfs_storage2/opt/dsc/usol0201/pipeline/daily_1010/MergedFeatures/sean_20190306/scans/239/MergedFeatures_0_239_600.vti
87,87,0,241,/nfs_storage2/opt/dsc/usol0201/pipeline/daily_1010/MergedFeatures/sean_20190306/scans/241/MergedFeatures_0_241_600.vti
88,88,0,244,/nfs_storage2/opt/dsc/usol0201/pipeline/daily_1010/MergedFeatures/sean_20190306/scans/244/MergedFeatures_0_244_600.vti
89,89,0,245,/nfs_storage2/opt/dsc/usol0201/pipeline/daily_1010/MergedFeatures/sean_20190306/scans/245/MergedFeatures_0_245_600.vti
90,90,0,250,/nfs_storage2/opt/dsc/usol0201/pipeline/daily_1010/MergedFeatures/sean_20190306/scans/250/MergedFeatures_0_250_600.vti
91,91,0,251,/nfs_storage2/opt/dsc/usol0201/pipeline/daily_1010/MergedFeatures/sean_20190306/scans/251/MergedFeatures_0_251_600.vti
92,92,0,252,/nfs_storage2/opt/dsc/usol0201/pipeline/daily_1010/MergedFeatures/sean_20190306/scans/252/MergedFeatures_0_252_600.vti
93,93,0,253,/nfs_storage2/opt/dsc/usol0201/pipeline/daily_1010/MergedFeatures/sean_20190306/scans/253/MergedFeatures_0_253_600.vti
94,94,0,254,/nfs_storage2/opt/dsc/usol0201/pipeline/daily_1010/MergedFeatures/sean_20190306/scans/254/MergedFeatures_0_254_600.vti
95,95,0,255,/nfs_storage2/opt/dsc/usol0201/pipeline/daily_1010/MergedFeatures/sean_20190306/scans/255/MergedFeatures_0_255_600.vti
96,96,0,259,/nfs_storage2/opt/dsc/usol0201/pipeline/daily_1010/MergedFeatures/sean_20190306/scans/259/MergedFeatures_0_259_600.vti
97,97,0,260,/nfs_storage2/opt/dsc/usol0201/pipeline/daily_1010/MergedFeatures/sean_20190306/scans/260/MergedFeatures_0_260_600.vti
98,98,0,261,/nfs_storage2/opt/dsc/usol0201/pipeline/daily_1010/MergedFeatures/sean_20190306/scans/261/MergedFeatures_0_261_600.vti
99,99,0,262,/nfs_storage2/opt/dsc/usol0201/pipeline/daily_1010/MergedFeatures/sean_20190306/scans/262/MergedFeatures_0_262_600.vti
100,100,0,263,/nfs_storage2/opt/dsc/usol0201/pipeline/daily_1010/MergedFeatures/sean_20190306/scans/263/MergedFeatures_0_263_600.vti
101,101,0,264,/nfs_storage2/opt/dsc/usol0201/pipeline/daily_1010/MergedFeatures/sean_20190306/scans/264/MergedFeatures_0_264_600.vti
102,102,0,265,/nfs_storage2/opt/dsc/usol0201/pipeline/daily_1010/MergedFeatures/sean_20190306/scans/265/MergedFeatures_0_265_600.vti
103,103,0,266,/nfs_storage2/opt/dsc/usol0201/pipeline/daily_1010/MergedFeatures/sean_20190306/scans/266/MergedFeatures_0_266_600.vti
104,104,0,267,/nfs_storage2/opt/dsc/usol0201/pipeline/daily_1010/MergedFeatures/sean_20190306/scans/267/MergedFeatures_0_267_600.vti
105,105,0,268,/nfs_storage2/opt/dsc/usol0201/pipeline/daily_1010/MergedFeatures/sean_20190306/scans/268/MergedFeatures_0_268_600.vti
106,106,0,269,/nfs_storage2/opt/dsc/usol0201/pipeline/daily_1010/MergedFeatures/sean_20190306/scans/269/MergedFeatures_0_269_600.vti
107,107,0,270,/nfs_storage2/opt/dsc/usol0201/pipeline/daily_1010/MergedFeatures/sean_20190306/scans/270/MergedFeatures_0_270_600.vti
108,108,0,271,/nfs_storage2/opt/dsc/usol0201/pipeline/daily_1010/MergedFeatures/sean_20190306/scans/271/MergedFeatures_0_271_600.vti
109,109,0,272,/nfs_storage2/opt/dsc/usol0201/pipeline/daily_1010/MergedFeatures/sean_20190306/scans/272/MergedFeatures_0_272_600.vti
110,110,0,273,/nfs_storage2/opt/dsc/usol0201/pipeline/daily_1010/MergedFeatures/sean_20190306/scans/273/MergedFeatures_0_273_600.vti
111,111,0,274,/nfs_storage2/opt/dsc/usol0201/pipeline/daily_1010/MergedFeatures/sean_20190306/scans/274/MergedFeatures_0_274_600.vti
112,112,0,275,/nfs_storage2/opt/dsc/usol0201/pipeline/daily_1010/MergedFeatures/sean_20190306/scans/275/MergedFeatures_0_275_600.vti
113,113,0,276,/nfs_storage2/opt/dsc/usol0201/pipeline/daily_1010/MergedFeatures/sean_20190306/scans/276/MergedFeatures_0_276_600.vti
114,114,0,277,/nfs_storage2/opt/dsc/usol0201/pipeline/daily_1010/MergedFeatures/sean_20190306/scans/277/MergedFeatures_0_277_600.vti
115,115,0,278,/nfs_storage2/opt/dsc/usol0201/pipeline/daily_1010/MergedFeatures/sean_20190306/scans/278/MergedFeatures_0_278_600.vti
116,116,0,279,/nfs_storage2/opt/dsc/usol0201/pipeline/daily_1010/MergedFeatures/sean_20190306/scans/279/MergedFeatures_0_279_600.vti
117,117,0,280,/nfs_storage2/opt/dsc/usol0201/pipeline/daily_1010/MergedFeatures/sean_20190306/scans/280/MergedFeatures_0_280_600.vti
118,118,0,281,/nfs_storage2/opt/dsc/usol0201/pipeline/daily_1010/MergedFeatures/sean_20190306/scans/281/MergedFeatures_0_281_600.vti
119,119,0,282,/nfs_storage2/opt/dsc/usol0201/pipeline/daily_1010/MergedFeatures/sean_20190306/scans/282/MergedFeatures_0_282_600.vti
120,120,0,283,/nfs_storage2/opt/dsc/usol0201/pipeline/daily_1010/MergedFeatures/sean_20190306/scans/283/MergedFeatures_0_283_600.vti
121,121,0,284,/nfs_storage2/opt/dsc/usol0201/pipeline/daily_1010/MergedFeatures/sean_20190306/scans/284/MergedFeatures_0_284_600.vti
122,122,0,285,/nfs_storage2/opt/dsc/usol0201/pipeline/daily_1010/MergedFeatures/sean_20190306/scans/285/MergedFeatures_0_285_600.vti
123,123,0,286,/nfs_storage2/opt/dsc/usol0201/pipeline/daily_1010/MergedFeatures/sean_20190306/scans/286/MergedFeatures_0_286_600.vti
124,124,0,287,/nfs_storage2/opt/dsc/usol0201/pipeline/daily_1010/MergedFeatures/sean_20190306/scans/287/MergedFeatures_0_287_600.vti
125,125,0,288,/nfs_storage2/opt/dsc/usol0201/pipeline/daily_1010/MergedFeatures/sean_20190306/scans/288/MergedFeatures_0_288_600.vti
126,126,0,289,/nfs_storage2/opt/dsc/usol0201/pipeline/daily_1010/MergedFeatures/sean_20190306/scans/289/MergedFeatures_0_289_600.vti
127,127,0,290,/nfs_storage2/opt/dsc/usol0201/pipeline/daily_1010/MergedFeatures/sean_20190306/scans/290/MergedFeatures_0_290_600.vti
128,128,0,291,/nfs_storage2/opt/dsc/usol0201/pipeline/daily_1010/MergedFeatures/sean_20190306/scans/291/MergedFeatures_0_291_600.vti
129,129,0,292,/nfs_storage2/opt/dsc/usol0201/pipeline/daily_1010/MergedFeatures/sean_20190306/scans/292/MergedFeatures_0_292_600.vti
130,130,0,293,/nfs_storage2/opt/dsc/usol0201/pipeline/daily_1010/MergedFeatures/sean_20190306/scans/293/MergedFeatures_0_293_600.vti
131,131,0,294,/nfs_storage2/opt/dsc/usol0201/pipeline/daily_1010/MergedFeatures/sean_20190306/scans/294/MergedFeatures_0_294_600.vti
132,132,0,295,/nfs_storage2/opt/dsc/usol0201/pipeline/daily_1010/MergedFeatures/sean_20190306/scans/295/MergedFeatures_0_295_600.vti
133,133,0,298,/nfs_storage2/opt/dsc/usol0201/pipeline/daily_1010/MergedFeatures/sean_20190306/scans/298/MergedFeatures_0_298_600.vti
134,134,0,299,/nfs_storage2/opt/dsc/usol0201/pipeline/daily_1010/MergedFeatures/sean_20190306/scans/299/MergedFeatures_0_299_600.vti
135,135,0,300,/nfs_storage2/opt/dsc/usol0201/pipeline/daily_1010/MergedFeatures/sean_20190306/scans/300/MergedFeatures_0_300_600.vti
136,136,0,301,/nfs_storage2/opt/dsc/usol0201/pipeline/daily_1010/MergedFeatures/sean_20190306/scans/301/MergedFeatures_0_301_600.vti
137,137,0,302,/nfs_storage2/opt/dsc/usol0201/pipeline/daily_1010/MergedFeatures/sean_20190306/scans/302/MergedFeatures_0_302_600.vti
138,138,0,303,/nfs_storage2/opt/dsc/usol0201/pipeline/daily_1010/MergedFeatures/sean_20190306/scans/303/MergedFeatures_0_303_600.vti
139,139,0,305,/nfs_storage2/opt/dsc/usol0201/pipeline/daily_1010/MergedFeatures/sean_20190306/scans/305/MergedFeatures_0_305_600.vti
140,140,0,306,/nfs_storage2/opt/dsc/usol0201/pipeline/daily_1010/MergedFeatures/sean_20190306/scans/306/MergedFeatures_0_306_600.vti
141,141,0,307,/nfs_storage2/opt/dsc/usol0201/pipeline/daily_1010/MergedFeatures/sean_20190306/scans/307/MergedFeatures_0_307_600.vti
142,142,0,309,/nfs_storage2/opt/dsc/usol0201/pipeline/daily_1010/MergedFeatures/sean_20190306/scans/309/MergedFeatures_0_309_600.vti
143,143,0,310,/nfs_storage2/opt/dsc/usol0201/pipeline/daily_1010/MergedFeatures/sean_20190306/scans/310/MergedFeatures_0_310_600.vti
144,144,0,311,/nfs_storage2/opt/dsc/usol0201/pipeline/daily_1010/MergedFeatures/sean_20190306/scans/311/MergedFeatures_0_311_600.vti
145,145,0,312,/nfs_storage2/opt/dsc/usol0201/pipeline/daily_1010/MergedFeatures/sean_20190306/scans/312/MergedFeatures_0_312_600.vti
146,146,0,313,/nfs_storage2/opt/dsc/usol0201/pipeline/daily_1010/MergedFeatures/sean_20190306/scans/313/MergedFeatures_0_313_600.vti
147,147,0,314,/nfs_storage2/opt/dsc/usol0201/pipeline/daily_1010/MergedFeatures/sean_20190306/scans/314/MergedFeatures_0_314_600.vti
148,148,0,315,/nfs_storage2/opt/dsc/usol0201/pipeline/daily_1010/MergedFeatures/sean_20190306/scans/315/MergedFeatures_0_315_600.vti
149,149,0,316,/nfs_storage2/opt/dsc/usol0201/pipeline/daily_1010/MergedFeatures/sean_20190306/scans/316/MergedFeatures_0_316_600.vti
150,150,0,317,/nfs_storage2/opt/dsc/usol0201/pipeline/daily_1010/MergedFeatures/sean_20190306/scans/317/MergedFeatures_0_317_600.vti
151,151,0,318,/nfs_storage2/opt/dsc/usol0201/pipeline/daily_1010/MergedFeatures/sean_20190306/scans/318/MergedFeatures_0_318_600.vti
152,152,0,319,/nfs_storage2/opt/dsc/usol0201/pipeline/daily_1010/MergedFeatures/sean_20190306/scans/319/MergedFeatures_0_319_600.vti
153,153,0,320,/nfs_storage2/opt/dsc/usol0201/pipeline/daily_1010/MergedFeatures/sean_20190306/scans/320/MergedFeatures_0_320_600.vti
154,154,0,321,/nfs_storage2/opt/dsc/usol0201/pipeline/daily_1010/MergedFeatures/sean_20190306/scans/321/MergedFeatures_0_321_600.vti
155,155,0,322,/nfs_storage2/opt/dsc/usol0201/pipeline/daily_1010/MergedFeatures/sean_20190306/scans/322/MergedFeatures_0_322_600.vti
156,156,0,323,/nfs_storage2/opt/dsc/usol0201/pipeline/daily_1010/MergedFeatures/sean_20190306/scans/323/MergedFeatures_0_323_600.vti
157,157,0,324,/nfs_storage2/opt/dsc/usol0201/pipeline/daily_1010/MergedFeatures/sean_20190306/scans/324/MergedFeatures_0_324_600.vti
158,158,0,325,/nfs_storage2/opt/dsc/usol0201/pipeline/daily_1010/MergedFeatures/sean_20190306/scans/325/MergedFeatures_0_325_600.vti
159,159,0,326,/nfs_storage2/opt/dsc/usol0201/pipeline/daily_1010/MergedFeatures/sean_20190306/scans/326/MergedFeatures_0_326_600.vti
160,160,0,327,/nfs_storage2/opt/dsc/usol0201/pipeline/daily_1010/MergedFeatures/sean_20190306/scans/327/MergedFeatures_0_327_600.vti
161,161,0,328,/nfs_storage2/opt/dsc/usol0201/pipeline/daily_1010/MergedFeatures/sean_20190306/scans/328/MergedFeatures_0_328_600.vti
162,162,0,329,/nfs_storage2/opt/dsc/usol0201/pipeline/daily_1010/MergedFeatures/sean_20190306/scans/329/MergedFeatures_0_329_600.vti
163,163,0,330,/nfs_storage2/opt/dsc/usol0201/pipeline/daily_1010/MergedFeatures/sean_20190306/scans/330/MergedFeatures_0_330_600.vti
164,164,0,331,/nfs_storage2/opt/dsc/usol0201/pipeline/daily_1010/MergedFeatures/sean_20190306/scans/331/MergedFeatures_0_331_600.vti
165,165,0,332,/nfs_storage2/opt/dsc/usol0201/pipeline/daily_1010/MergedFeatures/sean_20190306/scans/332/MergedFeatures_0_332_600.vti
166,166,0,333,/nfs_storage2/opt/dsc/usol0201/pipeline/daily_1010/MergedFeatures/sean_20190306/scans/333/MergedFeatures_0_333_600.vti
167,167,0,334,/nfs_storage2/opt/dsc/usol0201/pipeline/daily_1010/MergedFeatures/sean_20190306/scans/334/MergedFeatures_0_334_600.vti
168,168,0,335,/nfs_storage2/opt/dsc/usol0201/pipeline/daily_1010/MergedFeatures/sean_20190306/scans/335/MergedFeatures_0_335_600.vti
169,169,0,336,/nfs_storage2/opt/dsc/usol0201/pipeline/daily_1010/MergedFeatures/sean_20190306/scans/336/MergedFeatures_0_336_600.vti
170,170,0,337,/nfs_storage2/opt/dsc/usol0201/pipeline/daily_1010/MergedFeatures/sean_20190306/scans/337/MergedFeatures_0_337_600.vti
171,171,0,338,/nfs_storage2/opt/dsc/usol0201/pipeline/daily_1010/MergedFeatures/sean_20190306/scans/338/MergedFeatures_0_338_600.vti
172,172,0,339,/nfs_storage2/opt/dsc/usol0201/pipeline/daily_1010/MergedFeatures/sean_20190306/scans/339/MergedFeatures_0_339_600.vti
173,173,0,340,/nfs_storage2/opt/dsc/usol0201/pipeline/daily_1010/MergedFeatures/sean_20190306/scans/340/MergedFeatures_0_340_600.vti
174,174,0,341,/nfs_storage2/opt/dsc/usol0201/pipeline/daily_1010/MergedFeatures/sean_20190306/scans/341/MergedFeatures_0_341_600.vti
175,175,0,342,/nfs_storage2/opt/dsc/usol0201/pipeline/daily_1010/MergedFeatures/sean_20190306/scans/342/MergedFeatures_0_342_600.vti
176,176,0,343,/nfs_storage2/opt/dsc/usol0201/pipeline/daily_1010/MergedFeatures/sean_20190306/scans/343/MergedFeatures_0_343_600.vti
177,177,0,344,/nfs_storage2/opt/dsc/usol0201/pipeline/daily_1010/MergedFeatures/sean_20190306/scans/344/MergedFeatures_0_344_600.vti
178,178,0,345,/nfs_storage2/opt/dsc/usol0201/pipeline/daily_1010/MergedFeatures/sean_20190306/scans/345/MergedFeatures_0_345_600.vti
179,179,0,346,/nfs_storage2/opt/dsc/usol0201/pipeline/daily_1010/MergedFeatures/sean_20190306/scans/346/MergedFeatures_0_346_600.vti
180,180,0,347,/nfs_storage2/opt/dsc/usol0201/pipeline/daily_1010/MergedFeatures/sean_20190306/scans/347/MergedFeatures_0_347_600.vti
181,181,0,348,/nfs_storage2/opt/dsc/usol0201/pipeline/daily_1010/MergedFeatures/sean_20190306/scans/348/MergedFeatures_0_348_600.vti
182,182,0,349,/nfs_storage2/opt/dsc/usol0201/pipeline/daily_1010/MergedFeatures/sean_20190306/scans/349/MergedFeatures_0_349_600.vti
183,183,0,350,/nfs_storage2/opt/dsc/usol0201/pipeline/daily_1010/MergedFeatures/sean_20190306/scans/350/MergedFeatures_0_350_600.vti
184,184,0,351,/nfs_storage2/opt/dsc/usol0201/pipeline/daily_1010/MergedFeatures/sean_20190306/scans/351/MergedFeatures_0_351_600.vti
185,185,0,353,/nfs_storage2/opt/dsc/usol0201/pipeline/daily_1010/MergedFeatures/sean_20190306/scans/353/MergedFeatures_0_353_600.vti
186,186,0,354,/nfs_storage2/opt/dsc/usol0201/pipeline/daily_1010/MergedFeatures/sean_20190306/scans/354/MergedFeatures_0_354_600.vti
187,187,0,355,/nfs_storage2/opt/dsc/usol0201/pipeline/daily_1010/MergedFeatures/sean_20190306/scans/355/MergedFeatures_0_355_600.vti
188,188,0,356,/nfs_storage2/opt/dsc/usol0201/pipeline/daily_1010/MergedFeatures/sean_20190306/scans/356/MergedFeatures_0_356_600.vti
189,189,0,357,/nfs_storage2/opt/dsc/usol0201/pipeline/daily_1010/MergedFeatures/sean_20190306/scans/357/MergedFeatures_0_357_600.vti
190,190,0,359,/nfs_storage2/opt/dsc/usol0201/pipeline/daily_1010/MergedFeatures/sean_20190306/scans/359/MergedFeatures_0_359_600.vti
191,191,0,360,/nfs_storage2/opt/dsc/usol0201/pipeline/daily_1010/MergedFeatures/sean_20190306/scans/360/MergedFeatures_0_360_600.vti
192,192,0,361,/nfs_storage2/opt/dsc/usol0201/pipeline/daily_1010/MergedFeatures/sean_20190306/scans/361/MergedFeatures_0_361_600.vti
193,193,0,362,/nfs_storage2/opt/dsc/usol0201/pipeline/daily_1010/MergedFeatures/sean_20190306/scans/362/MergedFeatures_0_362_600.vti
194,194,0,363,/nfs_storage2/opt/dsc/usol0201/pipeline/daily_1010/MergedFeatures/sean_20190306/scans/363/MergedFeatures_0_363_600.vti
195,195,0,364,/nfs_storage2/opt/dsc/usol0201/pipeline/daily_1010/MergedFeatures/sean_20190306/scans/364/MergedFeatures_0_364_600.vti
196,196,0,365,/nfs_storage2/opt/dsc/usol0201/pipeline/daily_1010/MergedFeatures/sean_20190306/scans/365/MergedFeatures_0_365_600.vti
197,197,0,366,/nfs_storage2/opt/dsc/usol0201/pipeline/daily_1010/MergedFeatures/sean_20190306/scans/366/MergedFeatures_0_366_600.vti
198,198,0,368,/nfs_storage2/opt/dsc/usol0201/pipeline/daily_1010/MergedFeatures/sean_20190306/scans/368/MergedFeatures_0_368_600.vti
199,199,0,371,/nfs_storage2/opt/dsc/usol0201/pipeline/daily_1010/MergedFeatures/sean_20190306/scans/371/MergedFeatures_0_371_600.vti
200,200,0,372,/nfs_storage2/opt/dsc/usol0201/pipeline/daily_1010/MergedFeatures/sean_20190306/scans/372/MergedFeatures_0_372_600.vti
201,201,0,373,/nfs_storage2/opt/dsc/usol0201/pipeline/daily_1010/MergedFeatures/sean_20190306/scans/373/MergedFeatures_0_373_600.vti
202,202,0,374,/nfs_storage2/opt/dsc/usol0201/pipeline/daily_1010/MergedFeatures/sean_20190306/scans/374/MergedFeatures_0_374_600.vti
203,203,0,375,/nfs_storage2/opt/dsc/usol0201/pipeline/daily_1010/MergedFeatures/sean_20190306/scans/375/MergedFeatures_0_375_600.vti
204,204,0,376,/nfs_storage2/opt/dsc/usol0201/pipeline/daily_1010/MergedFeatures/sean_20190306/scans/376/MergedFeatures_0_376_600.vti
205,205,0,377,/nfs_storage2/opt/dsc/usol0201/pipeline/daily_1010/MergedFeatures/sean_20190306/scans/377/MergedFeatures_0_377_600.vti
206,206,0,380,/nfs_storage2/opt/dsc/usol0201/pipeline/daily_1010/MergedFeatures/sean_20190306/scans/380/MergedFeatures_0_380_600.vti
207,207,0,381,/nfs_storage2/opt/dsc/usol0201/pipeline/daily_1010/MergedFeatures/sean_20190306/scans/381/MergedFeatures_0_381_600.vti
208,208,0,382,/nfs_storage2/opt/dsc/usol0201/pipeline/daily_1010/MergedFeatures/sean_20190306/scans/382/MergedFeatures_0_382_600.vti
209,209,0,383,/nfs_storage2/opt/dsc/usol0201/pipeline/daily_1010/MergedFeatures/sean_20190306/scans/383/MergedFeatures_0_383_600.vti
210,210,0,385,/nfs_storage2/opt/dsc/usol0201/pipeline/daily_1010/MergedFeatures/sean_20190306/scans/385/MergedFeatures_0_385_600.vti
211,211,0,387,/nfs_storage2/opt/dsc/usol0201/pipeline/daily_1010/MergedFeatures/sean_20190306/scans/387/MergedFeatures_0_387_600.vti
212,212,0,388,/nfs_storage2/opt/dsc/usol0201/pipeline/daily_1010/MergedFeatures/sean_20190306/scans/388/MergedFeatures_0_388_600.vti
213,213,0,389,/nfs_storage2/opt/dsc/usol0201/pipeline/daily_1010/MergedFeatures/sean_20190306/scans/389/MergedFeatures_0_389_600.vti
214,214,0,390,/nfs_storage2/opt/dsc/usol0201/pipeline/daily_1010/MergedFeatures/sean_20190306/scans/390/MergedFeatures_0_390_600.vti
215,215,0,391,/nfs_storage2/opt/dsc/usol0201/pipeline/daily_1010/MergedFeatures/sean_20190306/scans/391/MergedFeatures_0_391_600.vti
216,216,0,392,/nfs_storage2/opt/dsc/usol0201/pipeline/daily_1010/MergedFeatures/sean_20190306/scans/392/MergedFeatures_0_392_600.vti
217,217,0,393,/nfs_storage2/opt/dsc/usol0201/pipeline/daily_1010/MergedFeatures/sean_20190306/scans/393/MergedFeatures_0_393_600.vti
218,218,0,394,/nfs_storage2/opt/dsc/usol0201/pipeline/daily_1010/MergedFeatures/sean_20190306/scans/394/MergedFeatures_0_394_600.vti
219,219,0,395,/nfs_storage2/opt/dsc/usol0201/pipeline/daily_1010/MergedFeatures/sean_20190306/scans/395/MergedFeatures_0_395_600.vti
220,220,0,396,/nfs_storage2/opt/dsc/usol0201/pipeline/daily_1010/MergedFeatures/sean_20190306/scans/396/MergedFeatures_0_396_600.vti
221,221,0,397,/nfs_storage2/opt/dsc/usol0201/pipeline/daily_1010/MergedFeatures/sean_20190306/scans/397/MergedFeatures_0_397_600.vti
222,222,0,414,/nfs_storage2/opt/dsc/usol0201/pipeline/daily_1010/MergedFeatures/sean_20190306/scans/414/MergedFeatures_0_414_600.vti
223,223,0,415,/nfs_storage2/opt/dsc/usol0201/pipeline/daily_1010/MergedFeatures/sean_20190306/scans/415/MergedFeatures_0_415_600.vti
224,224,0,416,/nfs_storage2/opt/dsc/usol0201/pipeline/daily_1010/MergedFeatures/sean_20190306/scans/416/MergedFeatures_0_416_600.vti
225,225,0,417,/nfs_storage2/opt/dsc/usol0201/pipeline/daily_1010/MergedFeatures/sean_20190306/scans/417/MergedFeatures_0_417_600.vti
226,226,0,418,/nfs_storage2/opt/dsc/usol0201/pipeline/daily_1010/MergedFeatures/sean_20190306/scans/418/MergedFeatures_0_418_600.vti
227,227,0,419,/nfs_storage2/opt/dsc/usol0201/pipeline/daily_1010/MergedFeatures/sean_20190306/scans/419/MergedFeatures_0_419_600.vti
228,228,0,420,/nfs_storage2/opt/dsc/usol0201/pipeline/daily_1010/MergedFeatures/sean_20190306/scans/420/MergedFeatures_0_420_600.vti
229,229,0,421,/nfs_storage2/opt/dsc/usol0201/pipeline/daily_1010/MergedFeatures/sean_20190306/scans/421/MergedFeatures_0_421_600.vti
230,230,0,422,/nfs_storage2/opt/dsc/usol0201/pipeline/daily_1010/MergedFeatures/sean_20190306/scans/422/MergedFeatures_0_422_600.vti
231,231,0,424,/nfs_storage2/opt/dsc/usol0201/pipeline/daily_1010/MergedFeatures/sean_20190306/scans/424/MergedFeatures_0_424_600.vti
232,232,0,425,/nfs_storage2/opt/dsc/usol0201/pipeline/daily_1010/MergedFeatures/sean_20190306/scans/425/MergedFeatures_0_425_600.vti
233,233,0,426,/nfs_storage2/opt/dsc/usol0201/pipeline/daily_1010/MergedFeatures/sean_20190306/scans/426/MergedFeatures_0_426_600.vti
234,234,0,427,/nfs_storage2/opt/dsc/usol0201/pipeline/daily_1010/MergedFeatures/sean_20190306/scans/427/MergedFeatures_0_427_600.vti
235,235,0,428,/nfs_storage2/opt/dsc/usol0201/pipeline/daily_1010/MergedFeatures/sean_20190306/scans/428/MergedFeatures_0_428_600.vti
236,236,0,429,/nfs_storage2/opt/dsc/usol0201/pipeline/daily_1010/MergedFeatures/sean_20190306/scans/429/MergedFeatures_0_429_600.vti
237,237,0,430,/nfs_storage2/opt/dsc/usol0201/pipeline/daily_1010/MergedFeatures/sean_20190306/scans/430/MergedFeatures_0_430_600.vti
238,238,0,431,/nfs_storage2/opt/dsc/usol0201/pipeline/daily_1010/MergedFeatures/sean_20190306/scans/431/MergedFeatures_0_431_600.vti
239,239,0,432,/nfs_storage2/opt/dsc/usol0201/pipeline/daily_1010/MergedFeatures/sean_20190306/scans/432/MergedFeatures_0_432_600.vti
240,240,0,433,/nfs_storage2/opt/dsc/usol0201/pipeline/daily_1010/MergedFeatures/sean_20190306/scans/433/MergedFeatures_0_433_600.vti
241,241,0,434,/nfs_storage2/opt/dsc/usol0201/pipeline/daily_1010/MergedFeatures/sean_20190306/scans/434/MergedFeatures_0_434_600.vti
242,242,0,435,/nfs_storage2/opt/dsc/usol0201/pipeline/daily_1010/MergedFeatures/sean_20190306/scans/435/MergedFeatures_0_435_600.vti
243,243,0,436,/nfs_storage2/opt/dsc/usol0201/pipeline/daily_1010/MergedFeatures/sean_20190306/scans/436/MergedFeatures_0_436_600.vti
244,244,0,438,/nfs_storage2/opt/dsc/usol0201/pipeline/daily_1010/MergedFeatures/sean_20190306/scans/438/MergedFeatures_0_438_600.vti
245,245,0,439,/nfs_storage2/opt/dsc/usol0201/pipeline/daily_1010/MergedFeatures/sean_20190306/scans/439/MergedFeatures_0_439_600.vti
246,246,0,440,/nfs_storage2/opt/dsc/usol0201/pipeline/daily_1010/MergedFeatures/sean_20190306/scans/440/MergedFeatures_0_440_600.vti
247,247,0,441,/nfs_storage2/opt/dsc/usol0201/pipeline/daily_1010/MergedFeatures/sean_20190306/scans/441/MergedFeatures_0_441_600.vti
248,248,0,442,/nfs_storage2/opt/dsc/usol0201/pipeline/daily_1010/MergedFeatures/sean_20190306/scans/442/MergedFeatures_0_442_600.vti
249,249,0,443,/nfs_storage2/opt/dsc/usol0201/pipeline/daily_1010/MergedFeatures/sean_20190306/scans/443/MergedFeatures_0_443_600.vti
250,250,0,444,/nfs_storage2/opt/dsc/usol0201/pipeline/daily_1010/MergedFeatures/sean_20190306/scans/444/MergedFeatures_0_444_600.vti
251,251,0,445,/nfs_storage2/opt/dsc/usol0201/pipeline/daily_1010/MergedFeatures/sean_20190306/scans/445/MergedFeatures_0_445_600.vti
252,252,0,446,/nfs_storage2/opt/dsc/usol0201/pipeline/daily_1010/MergedFeatures/sean_20190306/scans/446/MergedFeatures_0_446_600.vti
253,253,0,447,/nfs_storage2/opt/dsc/usol0201/pipeline/daily_1010/MergedFeatures/sean_20190306/scans/447/MergedFeatures_0_447_600.vti
254,254,0,448,/nfs_storage2/opt/dsc/usol0201/pipeline/daily_1010/MergedFeatures/sean_20190306/scans/448/MergedFeatures_0_448_600.vti
255,255,0,449,/nfs_storage2/opt/dsc/usol0201/pipeline/daily_1010/MergedFeatures/sean_20190306/scans/449/MergedFeatures_0_449_600.vti
256,256,0,450,/nfs_storage2/opt/dsc/usol0201/pipeline/daily_1010/MergedFeatures/sean_20190306/scans/450/MergedFeatures_0_450_600.vti
257,257,0,451,/nfs_storage2/opt/dsc/usol0201/pipeline/daily_1010/MergedFeatures/sean_20190306/scans/451/MergedFeatures_0_451_600.vti
258,258,0,452,/nfs_storage2/opt/dsc/usol0201/pipeline/daily_1010/MergedFeatures/sean_20190306/scans/452/MergedFeatures_0_452_600.vti
259,259,0,453,/nfs_storage2/opt/dsc/usol0201/pipeline/daily_1010/MergedFeatures/sean_20190306/scans/453/MergedFeatures_0_453_600.vti
260,260,0,454,/nfs_storage2/opt/dsc/usol0201/pipeline/daily_1010/MergedFeatures/sean_20190306/scans/454/MergedFeatures_0_454_600.vti
261,261,0,455,/nfs_storage2/opt/dsc/usol0201/pipeline/daily_1010/MergedFeatures/sean_20190306/scans/455/MergedFeatures_0_455_600.vti
262,262,0,456,/nfs_storage2/opt/dsc/usol0201/pipeline/daily_1010/MergedFeatures/sean_20190306/scans/456/MergedFeatures_0_456_600.vti
263,263,0,457,/nfs_storage2/opt/dsc/usol0201/pipeline/daily_1010/MergedFeatures/sean_20190306/scans/457/MergedFeatures_0_457_600.vti
264,264,0,458,/nfs_storage2/opt/dsc/usol0201/pipeline/daily_1010/MergedFeatures/sean_20190306/scans/458/MergedFeatures_0_458_600.vti
265,265,0,459,/nfs_storage2/opt/dsc/usol0201/pipeline/daily_1010/MergedFeatures/sean_20190306/scans/459/MergedFeatures_0_459_600.vti
266,266,0,460,/nfs_storage2/opt/dsc/usol0201/pipeline/daily_1010/MergedFeatures/sean_20190306/scans/460/MergedFeatures_0_460_600.vti
267,267,0,461,/nfs_storage2/opt/dsc/usol0201/pipeline/daily_1010/MergedFeatures/sean_20190306/scans/461/MergedFeatures_0_461_600.vti
268,268,0,462,/nfs_storage2/opt/dsc/usol0201/pipeline/daily_1010/MergedFeatures/sean_20190306/scans/462/MergedFeatures_0_462_600.vti
269,269,0,463,/nfs_storage2/opt/dsc/usol0201/pipeline/daily_1010/MergedFeatures/sean_20190306/scans/463/MergedFeatures_0_463_600.vti
270,270,0,464,/nfs_storage2/opt/dsc/usol0201/pipeline/daily_1010/MergedFeatures/sean_20190306/scans/464/MergedFeatures_0_464_600.vti
271,271,0,465,/nfs_storage2/opt/dsc/usol0201/pipeline/daily_1010/MergedFeatures/sean_20190306/scans/465/MergedFeatures_0_465_600.vti
272,272,0,467,/nfs_storage2/opt/dsc/usol0201/pipeline/daily_1010/MergedFeatures/sean_20190306/scans/467/MergedFeatures_0_467_600.vti
273,273,0,470,/nfs_storage2/opt/dsc/usol0201/pipeline/daily_1010/MergedFeatures/sean_20190306/scans/470/MergedFeatures_0_470_600.vti
274,274,0,471,/nfs_storage2/opt/dsc/usol0201/pipeline/daily_1010/MergedFeatures/sean_20190306/scans/471/MergedFeatures_0_471_600.vti
275,275,0,472,/nfs_storage2/opt/dsc/usol0201/pipeline/daily_1010/MergedFeatures/sean_20190306/scans/472/MergedFeatures_0_472_600.vti
276,276,0,473,/nfs_storage2/opt/dsc/usol0201/pipeline/daily_1010/MergedFeatures/sean_20190306/scans/473/MergedFeatures_0_473_600.vti
277,277,0,480,/nfs_storage2/opt/dsc/usol0201/pipeline/daily_1010/MergedFeatures/sean_20190306/scans/480/MergedFeatures_0_480_600.vti
278,278,0,482,/nfs_storage2/opt/dsc/usol0201/pipeline/daily_1010/MergedFeatures/sean_20190306/scans/482/MergedFeatures_0_482_600.vti
279,279,0,483,/nfs_storage2/opt/dsc/usol0201/pipeline/daily_1010/MergedFeatures/sean_20190306/scans/483/MergedFeatures_0_483_600.vti
280,280,0,484,/nfs_storage2/opt/dsc/usol0201/pipeline/daily_1010/MergedFeatures/sean_20190306/scans/484/MergedFeatures_0_484_600.vti
281,281,0,485,/nfs_storage2/opt/dsc/usol0201/pipeline/daily_1010/MergedFeatures/sean_20190306/scans/485/MergedFeatures_0_485_600.vti
282,353,0,638,/nfs_storage2/opt/dsc/usol0201/pipeline/daily_1010/MergedFeatures/sean_20190306/scans/638/MergedFeatures_0_638_600.vti
283,354,0,639,/nfs_storage2/opt/dsc/usol0201/pipeline/daily_1010/MergedFeatures/sean_20190306/scans/639/MergedFeatures_0_639_600.vti
284,355,0,640,/nfs_storage2/opt/dsc/usol0201/pipeline/daily_1010/MergedFeatures/sean_20190306/scans/640/MergedFeatures_0_640_600.vti
285,356,0,641,/nfs_storage2/opt/dsc/usol0201/pipeline/daily_1010/MergedFeatures/sean_20190306/scans/641/MergedFeatures_0_641_600.vti
286,357,0,642,/nfs_storage2/opt/dsc/usol0201/pipeline/daily_1010/MergedFeatures/sean_20190306/scans/642/MergedFeatures_0_642_600.vti
287,358,0,643,/nfs_storage2/opt/dsc/usol0201/pipeline/daily_1010/MergedFeatures/sean_20190306/scans/643/MergedFeatures_0_643_600.vti
288,359,0,646,/nfs_storage2/opt/dsc/usol0201/pipeline/daily_1010/MergedFeatures/sean_20190306/scans/646/MergedFeatures_0_646_600.vti
289,360,0,647,/nfs_storage2/opt/dsc/usol0201/pipeline/daily_1010/MergedFeatures/sean_20190306/scans/647/MergedFeatures_0_647_600.vti
290,361,0,648,/nfs_storage2/opt/dsc/usol0201/pipeline/daily_1010/MergedFeatures/sean_20190306/scans/648/MergedFeatures_0_648_600.vti
291,362,0,649,/nfs_storage2/opt/dsc/usol0201/pipeline/daily_1010/MergedFeatures/sean_20190306/scans/649/MergedFeatures_0_649_600.vti
292,363,0,650,/nfs_storage2/opt/dsc/usol0201/pipeline/daily_1010/MergedFeatures/sean_20190306/scans/650/MergedFeatures_0_650_600.vti
293,364,0,651,/nfs_storage2/opt/dsc/usol0201/pipeline/daily_1010/MergedFeatures/sean_20190306/scans/651/MergedFeatures_0_651_600.vti
294,365,0,652,/nfs_storage2/opt/dsc/usol0201/pipeline/daily_1010/MergedFeatures/sean_20190306/scans/652/MergedFeatures_0_652_600.vti
295,366,0,653,/nfs_storage2/opt/dsc/usol0201/pipeline/daily_1010/MergedFeatures/sean_20190306/scans/653/MergedFeatures_0_653_600.vti
296,367,0,654,/nfs_storage2/opt/dsc/usol0201/pipeline/daily_1010/MergedFeatures/sean_20190306/scans/654/MergedFeatures_0_654_600.vti
297,368,0,655,/nfs_storage2/opt/dsc/usol0201/pipeline/daily_1010/MergedFeatures/sean_20190306/scans/655/MergedFeatures_0_655_600.vti
298,369,0,656,/nfs_storage2/opt/dsc/usol0201/pipeline/daily_1010/MergedFeatures/sean_20190306/scans/656/MergedFeatures_0_656_600.vti
299,370,0,657,/nfs_storage2/opt/dsc/usol0201/pipeline/daily_1010/MergedFeatures/sean_20190306/scans/657/MergedFeatures_0_657_600.vti
300,371,0,658,/nfs_storage2/opt/dsc/usol0201/pipeline/daily_1010/MergedFeatures/sean_20190306/scans/658/MergedFeatures_0_658_600.vti
301,372,0,659,/nfs_storage2/opt/dsc/usol0201/pipeline/daily_1010/MergedFeatures/sean_20190306/scans/659/MergedFeatures_0_659_600.vti
302,373,0,661,/nfs_storage2/opt/dsc/usol0201/pipeline/daily_1010/MergedFeatures/sean_20190306/scans/661/MergedFeatures_0_661_600.vti
303,374,0,662,/nfs_storage2/opt/dsc/usol0201/pipeline/daily_1010/MergedFeatures/sean_20190306/scans/662/MergedFeatures_0_662_600.vti
304,375,0,663,/nfs_storage2/opt/dsc/usol0201/pipeline/daily_1010/MergedFeatures/sean_20190306/scans/663/MergedFeatures_0_663_600.vti
305,376,0,664,/nfs_storage2/opt/dsc/usol0201/pipeline/daily_1010/MergedFeatures/sean_20190306/scans/664/MergedFeatures_0_664_600.vti
306,377,0,665,/nfs_storage2/opt/dsc/usol0201/pipeline/daily_1010/MergedFeatures/sean_20190306/scans/665/MergedFeatures_0_665_600.vti
307,378,0,666,/nfs_storage2/opt/dsc/usol0201/pipeline/daily_1010/MergedFeatures/sean_20190306/scans/666/MergedFeatures_0_666_600.vti
308,379,0,668,/nfs_storage2/opt/dsc/usol0201/pipeline/daily_1010/MergedFeatures/sean_20190306/scans/668/MergedFeatures_0_668_600.vti
309,380,0,669,/nfs_storage2/opt/dsc/usol0201/pipeline/daily_1010/MergedFeatures/sean_20190306/scans/669/MergedFeatures_0_669_600.vti
310,381,0,670,/nfs_storage2/opt/dsc/usol0201/pipeline/daily_1010/MergedFeatures/sean_20190306/scans/670/MergedFeatures_0_670_600.vti
311,382,0,671,/nfs_storage2/opt/dsc/usol0201/pipeline/daily_1010/MergedFeatures/sean_20190306/scans/671/MergedFeatures_0_671_600.vti
312,383,0,672,/nfs_storage2/opt/dsc/usol0201/pipeline/daily_1010/MergedFeatures/sean_20190306/scans/672/MergedFeatures_0_672_600.vti
313,384,0,673,/nfs_storage2/opt/dsc/usol0201/pipeline/daily_1010/MergedFeatures/sean_20190306/scans/673/MergedFeatures_0_673_600.vti
314,385,0,674,/nfs_storage2/opt/dsc/usol0201/pipeline/daily_1010/MergedFeatures/sean_20190306/scans/674/MergedFeatures_0_674_600.vti
315,386,0,675,/nfs_storage2/opt/dsc/usol0201/pipeline/daily_1010/MergedFeatures/sean_20190306/scans/675/MergedFeatures_0_675_600.vti
316,387,0,676,/nfs_storage2/opt/dsc/usol0201/pipeline/daily_1010/MergedFeatures/sean_20190306/scans/676/MergedFeatures_0_676_600.vti
317,388,0,677,/nfs_storage2/opt/dsc/usol0201/pipeline/daily_1010/MergedFeatures/sean_20190306/scans/677/MergedFeatures_0_677_600.vti
318,389,0,678,/nfs_storage2/opt/dsc/usol0201/pipeline/daily_1010/MergedFeatures/sean_20190306/scans/678/MergedFeatures_0_678_600.vti
319,390,0,679,/nfs_storage2/opt/dsc/usol0201/pipeline/daily_1010/MergedFeatures/sean_20190306/scans/679/MergedFeatures_0_679_600.vti
320,391,0,680,/nfs_storage2/opt/dsc/usol0201/pipeline/daily_1010/MergedFeatures/sean_20190306/scans/680/MergedFeatures_0_680_600.vti
321,392,0,682,/nfs_storage2/opt/dsc/usol0201/pipeline/daily_1010/MergedFeatures/sean_20190306/scans/682/MergedFeatures_0_682_600.vti
322,393,0,683,/nfs_storage2/opt/dsc/usol0201/pipeline/daily_1010/MergedFeatures/sean_20190306/scans/683/MergedFeatures_0_683_600.vti
323,394,0,684,/nfs_storage2/opt/dsc/usol0201/pipeline/daily_1010/MergedFeatures/sean_20190306/scans/684/MergedFeatures_0_684_600.vti
324,422,0,712,/nfs_storage2/opt/dsc/usol0201/pipeline/daily_1010/MergedFeatures/sean_20190306/scans/712/MergedFeatures_0_712_600.vti
325,423,0,716,/nfs_storage2/opt/dsc/usol0201/pipeline/daily_1010/MergedFeatures/sean_20190306/scans/716/MergedFeatures_0_716_600.vti
326,424,0,718,/nfs_storage2/opt/dsc/usol0201/pipeline/daily_1010/MergedFeatures/sean_20190306/scans/718/MergedFeatures_0_718_600.vti
327,425,0,719,/nfs_storage2/opt/dsc/usol0201/pipeline/daily_1010/MergedFeatures/sean_20190306/scans/719/MergedFeatures_0_719_600.vti
328,426,0,720,/nfs_storage2/opt/dsc/usol0201/pipeline/daily_1010/MergedFeatures/sean_20190306/scans/720/MergedFeatures_0_720_600.vti
329,427,0,721,/nfs_storage2/opt/dsc/usol0201/pipeline/daily_1010/MergedFeatures/sean_20190306/scans/721/MergedFeatures_0_721_600.vti
330,428,0,722,/nfs_storage2/opt/dsc/usol0201/pipeline/daily_1010/MergedFeatures/sean_20190306/scans/722/MergedFeatures_0_722_600.vti
331,429,0,723,/nfs_storage2/opt/dsc/usol0201/pipeline/daily_1010/MergedFeatures/sean_20190306/scans/723/MergedFeatures_0_723_600.vti
332,430,0,724,/nfs_storage2/opt/dsc/usol0201/pipeline/daily_1010/MergedFeatures/sean_20190306/scans/724/MergedFeatures_0_724_600.vti
333,431,0,725,/nfs_storage2/opt/dsc/usol0201/pipeline/daily_1010/MergedFeatures/sean_20190306/scans/725/MergedFeatures_0_725_600.vti
334,432,0,726,/nfs_storage2/opt/dsc/usol0201/pipeline/daily_1010/MergedFeatures/sean_20190306/scans/726/MergedFeatures_0_726_600.vti
335,433,0,727,/nfs_storage2/opt/dsc/usol0201/pipeline/daily_1010/MergedFeatures/sean_20190306/scans/727/MergedFeatures_0_727_600.vti
336,434,0,728,/nfs_storage2/opt/dsc/usol0201/pipeline/daily_1010/MergedFeatures/sean_20190306/scans/728/MergedFeatures_0_728_600.vti
337,435,0,729,/nfs_storage2/opt/dsc/usol0201/pipeline/daily_1010/MergedFeatures/sean_20190306/scans/729/MergedFeatures_0_729_600.vti
338,436,0,730,/nfs_storage2/opt/dsc/usol0201/pipeline/daily_1010/MergedFeatures/sean_20190306/scans/730/MergedFeatures_0_730_600.vti
339,437,0,731,/nfs_storage2/opt/dsc/usol0201/pipeline/daily_1010/MergedFeatures/sean_20190306/scans/731/MergedFeatures_0_731_600.vti
340,438,0,733,/nfs_storage2/opt/dsc/usol0201/pipeline/daily_1010/MergedFeatures/sean_20190306/scans/733/MergedFeatures_0_733_600.vti
341,439,0,735,/nfs_storage2/opt/dsc/usol0201/pipeline/daily_1010/MergedFeatures/sean_20190306/scans/735/MergedFeatures_0_735_600.vti
342,440,0,739,/nfs_storage2/opt/dsc/usol0201/pipeline/daily_1010/MergedFeatures/sean_20190306/scans/739/MergedFeatures_0_739_600.vti
343,441,0,740,/nfs_storage2/opt/dsc/usol0201/pipeline/daily_1010/MergedFeatures/sean_20190306/scans/740/MergedFeatures_0_740_600.vti
344,442,0,741,/nfs_storage2/opt/dsc/usol0201/pipeline/daily_1010/MergedFeatures/sean_20190306/scans/741/MergedFeatures_0_741_600.vti
345,443,0,743,/nfs_storage2/opt/dsc/usol0201/pipeline/daily_1010/MergedFeatures/sean_20190306/scans/743/MergedFeatures_0_743_600.vti
346,444,0,745,/nfs_storage2/opt/dsc/usol0201/pipeline/daily_1010/MergedFeatures/sean_20190306/scans/745/MergedFeatures_0_745_600.vti
347,445,0,746,/nfs_storage2/opt/dsc/usol0201/pipeline/daily_1010/MergedFeatures/sean_20190306/scans/746/MergedFeatures_0_746_600.vti
348,446,0,747,/nfs_storage2/opt/dsc/usol0201/pipeline/daily_1010/MergedFeatures/sean_20190306/scans/747/MergedFeatures_0_747_600.vti
349,447,0,748,/nfs_storage2/opt/dsc/usol0201/pipeline/daily_1010/MergedFeatures/sean_20190306/scans/748/MergedFeatures_0_748_600.vti
350,448,0,750,/nfs_storage2/opt/dsc/usol0201/pipeline/daily_1010/MergedFeatures/sean_20190306/scans/750/MergedFeatures_0_750_600.vti
351,449,0,751,/nfs_storage2/opt/dsc/usol0201/pipeline/daily_1010/MergedFeatures/sean_20190306/scans/751/MergedFeatures_0_751_600.vti
352,450,0,752,/nfs_storage2/opt/dsc/usol0201/pipeline/daily_1010/MergedFeatures/sean_20190306/scans/752/MergedFeatures_0_752_600.vti
353,451,0,753,/nfs_storage2/opt/dsc/usol0201/pipeline/daily_1010/MergedFeatures/sean_20190306/scans/753/MergedFeatures_0_753_600.vti
354,452,0,754,/nfs_storage2/opt/dsc/usol0201/pipeline/daily_1010/MergedFeatures/sean_20190306/scans/754/MergedFeatures_0_754_600.vti
355,453,0,755,/nfs_storage2/opt/dsc/usol0201/pipeline/daily_1010/MergedFeatures/sean_20190306/scans/755/MergedFeatures_0_755_600.vti
356,454,0,756,/nfs_storage2/opt/dsc/usol0201/pipeline/daily_1010/MergedFeatures/sean_20190306/scans/756/MergedFeatures_0_756_600.vti
357,455,0,757,/nfs_storage2/opt/dsc/usol0201/pipeline/daily_1010/MergedFeatures/sean_20190306/scans/757/MergedFeatures_0_757_600.vti
358,456,0,758,/nfs_storage2/opt/dsc/usol0201/pipeline/daily_1010/MergedFeatures/sean_20190306/scans/758/MergedFeatures_0_758_600.vti
359,457,0,760,/nfs_storage2/opt/dsc/usol0201/pipeline/daily_1010/MergedFeatures/sean_20190306/scans/760/MergedFeatures_0_760_600.vti
360,458,0,761,/nfs_storage2/opt/dsc/usol0201/pipeline/daily_1010/MergedFeatures/sean_20190306/scans/761/MergedFeatures_0_761_600.vti
361,459,0,762,/nfs_storage2/opt/dsc/usol0201/pipeline/daily_1010/MergedFeatures/sean_20190306/scans/762/MergedFeatures_0_762_600.vti
362,460,0,764,/nfs_storage2/opt/dsc/usol0201/pipeline/daily_1010/MergedFeatures/sean_20190306/scans/764/MergedFeatures_0_764_600.vti
363,461,0,765,/nfs_storage2/opt/dsc/usol0201/pipeline/daily_1010/MergedFeatures/sean_20190306/scans/765/MergedFeatures_0_765_600.vti
364,462,0,766,/nfs_storage2/opt/dsc/usol0201/pipeline/daily_1010/MergedFeatures/sean_20190306/scans/766/MergedFeatures_0_766_600.vti
365,463,0,767,/nfs_storage2/opt/dsc/usol0201/pipeline/daily_1010/MergedFeatures/sean_20190306/scans/767/MergedFeatures_0_767_600.vti
366,464,0,768,/nfs_storage2/opt/dsc/usol0201/pipeline/daily_1010/MergedFeatures/sean_20190306/scans/768/MergedFeatures_0_768_600.vti
367,465,0,769,/nfs_storage2/opt/dsc/usol0201/pipeline/daily_1010/MergedFeatures/sean_20190306/scans/769/MergedFeatures_0_769_600.vti
368,466,0,770,/nfs_storage2/opt/dsc/usol0201/pipeline/daily_1010/MergedFeatures/sean_20190306/scans/770/MergedFeatures_0_770_600.vti
369,467,0,771,/nfs_storage2/opt/dsc/usol0201/pipeline/daily_1010/MergedFeatures/sean_20190306/scans/771/MergedFeatures_0_771_600.vti
370,468,0,772,/nfs_storage2/opt/dsc/usol0201/pipeline/daily_1010/MergedFeatures/sean_20190306/scans/772/MergedFeatures_0_772_600.vti
371,469,0,773,/nfs_storage2/opt/dsc/usol0201/pipeline/daily_1010/MergedFeatures/sean_20190306/scans/773/MergedFeatures_0_773_600.vti
372,470,0,775,/nfs_storage2/opt/dsc/usol0201/pipeline/daily_1010/MergedFeatures/sean_20190306/scans/775/MergedFeatures_0_775_600.vti
373,471,0,776,/nfs_storage2/opt/dsc/usol0201/pipeline/daily_1010/MergedFeatures/sean_20190306/scans/776/MergedFeatures_0_776_600.vti
374,472,0,777,/nfs_storage2/opt/dsc/usol0201/pipeline/daily_1010/MergedFeatures/sean_20190306/scans/777/MergedFeatures_0_777_600.vti
375,473,0,778,/nfs_storage2/opt/dsc/usol0201/pipeline/daily_1010/MergedFeatures/sean_20190306/scans/778/MergedFeatures_0_778_600.vti
376,474,0,779,/nfs_storage2/opt/dsc/usol0201/pipeline/daily_1010/MergedFeatures/sean_20190306/scans/779/MergedFeatures_0_779_600.vti
377,475,0,780,/nfs_storage2/opt/dsc/usol0201/pipeline/daily_1010/MergedFeatures/sean_20190306/scans/780/MergedFeatures_0_780_600.vti
378,476,0,781,/nfs_storage2/opt/dsc/usol0201/pipeline/daily_1010/MergedFeatures/sean_20190306/scans/781/MergedFeatures_0_781_600.vti
379,477,0,782,/nfs_storage2/opt/dsc/usol0201/pipeline/daily_1010/MergedFeatures/sean_20190306/scans/782/MergedFeatures_0_782_600.vti
380,478,0,784,/nfs_storage2/opt/dsc/usol0201/pipeline/daily_1010/MergedFeatures/sean_20190306/scans/784/MergedFeatures_0_784_600.vti
381,479,0,785,/nfs_storage2/opt/dsc/usol0201/pipeline/daily_1010/MergedFeatures/sean_20190306/scans/785/MergedFeatures_0_785_600.vti
382,480,0,786,/nfs_storage2/opt/dsc/usol0201/pipeline/daily_1010/MergedFeatures/sean_20190306/scans/786/MergedFeatures_0_786_600.vti
383,481,0,787,/nfs_storage2/opt/dsc/usol0201/pipeline/daily_1010/MergedFeatures/sean_20190306/scans/787/MergedFeatures_0_787_600.vti
384,482,0,788,/nfs_storage2/opt/dsc/usol0201/pipeline/daily_1010/MergedFeatures/sean_20190306/scans/788/MergedFeatures_0_788_600.vti
385,483,0,789,/nfs_storage2/opt/dsc/usol0201/pipeline/daily_1010/MergedFeatures/sean_20190306/scans/789/MergedFeatures_0_789_600.vti
386,484,0,792,/nfs_storage2/opt/dsc/usol0201/pipeline/daily_1010/MergedFeatures/sean_20190306/scans/792/MergedFeatures_0_792_600.vti
387,485,0,793,/nfs_storage2/opt/dsc/usol0201/pipeline/daily_1010/MergedFeatures/sean_20190306/scans/793/MergedFeatures_0_793_600.vti
388,486,0,794,/nfs_storage2/opt/dsc/usol0201/pipeline/daily_1010/MergedFeatures/sean_20190306/scans/794/MergedFeatures_0_794_600.vti
389,487,0,795,/nfs_storage2/opt/dsc/usol0201/pipeline/daily_1010/MergedFeatures/sean_20190306/scans/795/MergedFeatures_0_795_600.vti
390,488,0,796,/nfs_storage2/opt/dsc/usol0201/pipeline/daily_1010/MergedFeatures/sean_20190306/scans/796/MergedFeatures_0_796_600.vti
391,489,0,797,/nfs_storage2/opt/dsc/usol0201/pipeline/daily_1010/MergedFeatures/sean_20190306/scans/797/MergedFeatures_0_797_600.vti
392,490,0,798,/nfs_storage2/opt/dsc/usol0201/pipeline/daily_1010/MergedFeatures/sean_20190306/scans/798/MergedFeatures_0_798_600.vti
393,491,0,799,/nfs_storage2/opt/dsc/usol0201/pipeline/daily_1010/MergedFeatures/sean_20190306/scans/799/MergedFeatures_0_799_600.vti
394,492,0,800,/nfs_storage2/opt/dsc/usol0201/pipeline/daily_1010/MergedFeatures/sean_20190306/scans/800/MergedFeatures_0_800_600.vti
395,493,0,803,/nfs_storage2/opt/dsc/usol0201/pipeline/daily_1010/MergedFeatures/sean_20190306/scans/803/MergedFeatures_0_803_600.vti
396,494,0,805,/nfs_storage2/opt/dsc/usol0201/pipeline/daily_1010/MergedFeatures/sean_20190306/scans/805/MergedFeatures_0_805_600.vti
397,495,0,806,/nfs_storage2/opt/dsc/usol0201/pipeline/daily_1010/MergedFeatures/sean_20190306/scans/806/MergedFeatures_0_806_600.vti
398,496,0,808,/nfs_storage2/opt/dsc/usol0201/pipeline/daily_1010/MergedFeatures/sean_20190306/scans/808/MergedFeatures_0_808_600.vti
399,497,0,810,/nfs_storage2/opt/dsc/usol0201/pipeline/daily_1010/MergedFeatures/sean_20190306/scans/810/MergedFeatures_0_810_600.vti
400,498,0,812,/nfs_storage2/opt/dsc/usol0201/pipeline/daily_1010/MergedFeatures/sean_20190306/scans/812/MergedFeatures_0_812_600.vti
401,499,0,814,/nfs_storage2/opt/dsc/usol0201/pipeline/daily_1010/MergedFeatures/sean_20190306/scans/814/MergedFeatures_0_814_600.vti
402,500,0,818,/nfs_storage2/opt/dsc/usol0201/pipeline/daily_1010/MergedFeatures/sean_20190306/scans/818/MergedFeatures_0_818_600.vti
403,501,0,820,/nfs_storage2/opt/dsc/usol0201/pipeline/daily_1010/MergedFeatures/sean_20190306/scans/820/MergedFeatures_0_820_600.vti
404,502,0,824,/nfs_storage2/opt/dsc/usol0201/pipeline/daily_1010/MergedFeatures/sean_20190306/scans/824/MergedFeatures_0_824_600.vti
405,503,0,826,/nfs_storage2/opt/dsc/usol0201/pipeline/daily_1010/MergedFeatures/sean_20190306/scans/826/MergedFeatures_0_826_600.vti
406,504,0,832,/nfs_storage2/opt/dsc/usol0201/pipeline/daily_1010/MergedFeatures/sean_20190306/scans/832/MergedFeatures_0_832_600.vti
407,505,0,836,/nfs_storage2/opt/dsc/usol0201/pipeline/daily_1010/MergedFeatures/sean_20190306/scans/836/MergedFeatures_0_836_600.vti
408,506,0,838,/nfs_storage2/opt/dsc/usol0201/pipeline/daily_1010/MergedFeatures/sean_20190306/scans/838/MergedFeatures_0_838_600.vti
409,507,0,840,/nfs_storage2/opt/dsc/usol0201/pipeline/daily_1010/MergedFeatures/sean_20190306/scans/840/MergedFeatures_0_840_600.vti
410,508,0,844,/nfs_storage2/opt/dsc/usol0201/pipeline/daily_1010/MergedFeatures/sean_20190306/scans/844/MergedFeatures_0_844_600.vti
411,509,0,846,/nfs_storage2/opt/dsc/usol0201/pipeline/daily_1010/MergedFeatures/sean_20190306/scans/846/MergedFeatures_0_846_600.vti
412,510,0,848,/nfs_storage2/opt/dsc/usol0201/pipeline/daily_1010/MergedFeatures/sean_20190306/scans/848/MergedFeatures_0_848_600.vti
413,511,0,850,/nfs_storage2/opt/dsc/usol0201/pipeline/daily_1010/MergedFeatures/sean_20190306/scans/850/MergedFeatures_0_850_600.vti
414,512,0,852,/nfs_storage2/opt/dsc/usol0201/pipeline/daily_1010/MergedFeatures/sean_20190306/scans/852/MergedFeatures_0_852_600.vti
415,513,0,854,/nfs_storage2/opt/dsc/usol0201/pipeline/daily_1010/MergedFeatures/sean_20190306/scans/854/MergedFeatures_0_854_600.vti
416,514,0,856,/nfs_storage2/opt/dsc/usol0201/pipeline/daily_1010/MergedFeatures/sean_20190306/scans/856/MergedFeatures_0_856_600.vti
417,515,0,858,/nfs_storage2/opt/dsc/usol0201/pipeline/daily_1010/MergedFeatures/sean_20190306/scans/858/MergedFeatures_0_858_600.vti
418,516,0,860,/nfs_storage2/opt/dsc/usol0201/pipeline/daily_1010/MergedFeatures/sean_20190306/scans/860/MergedFeatures_0_860_600.vti
419,517,0,861,/nfs_storage2/opt/dsc/usol0201/pipeline/daily_1010/MergedFeatures/sean_20190306/scans/861/MergedFeatures_0_861_600.vti
420,518,0,863,/nfs_storage2/opt/dsc/usol0201/pipeline/daily_1010/MergedFeatures/sean_20190306/scans/863/MergedFeatures_0_863_600.vti
421,519,0,864,/nfs_storage2/opt/dsc/usol0201/pipeline/daily_1010/MergedFeatures/sean_20190306/scans/864/MergedFeatures_0_864_600.vti
422,520,0,865,/nfs_storage2/opt/dsc/usol0201/pipeline/daily_1010/MergedFeatures/sean_20190306/scans/865/MergedFeatures_0_865_600.vti
423,521,0,866,/nfs_storage2/opt/dsc/usol0201/pipeline/daily_1010/MergedFeatures/sean_20190306/scans/866/MergedFeatures_0_866_600.vti
424,522,0,867,/nfs_storage2/opt/dsc/usol0201/pipeline/daily_1010/MergedFeatures/sean_20190306/scans/867/MergedFeatures_0_867_600.vti
425,523,0,868,/nfs_storage2/opt/dsc/usol0201/pipeline/daily_1010/MergedFeatures/sean_20190306/scans/868/MergedFeatures_0_868_600.vti
426,524,0,896,/nfs_storage2/opt/dsc/usol0201/pipeline/daily_1010/MergedFeatures/sean_20190306/scans/896/MergedFeatures_0_896_600.vti
427,525,0,898,/nfs_storage2/opt/dsc/usol0201/pipeline/daily_1010/MergedFeatures/sean_20190306/scans/898/MergedFeatures_0_898_600.vti
428,526,0,899,/nfs_storage2/opt/dsc/usol0201/pipeline/daily_1010/MergedFeatures/sean_20190306/scans/899/MergedFeatures_0_899_600.vti
429,527,0,900,/nfs_storage2/opt/dsc/usol0201/pipeline/daily_1010/MergedFeatures/sean_20190306/scans/900/MergedFeatures_0_900_600.vti
430,528,0,901,/nfs_storage2/opt/dsc/usol0201/pipeline/daily_1010/MergedFeatures/sean_20190306/scans/901/MergedFeatures_0_901_600.vti
431,529,0,902,/nfs_storage2/opt/dsc/usol0201/pipeline/daily_1010/MergedFeatures/sean_20190306/scans/902/MergedFeatures_0_902_600.vti
432,530,0,903,/nfs_storage2/opt/dsc/usol0201/pipeline/daily_1010/MergedFeatures/sean_20190306/scans/903/MergedFeatures_0_903_600.vti
433,531,0,905,/nfs_storage2/opt/dsc/usol0201/pipeline/daily_1010/MergedFeatures/sean_20190306/scans/905/MergedFeatures_0_905_600.vti
434,532,0,908,/nfs_storage2/opt/dsc/usol0201/pipeline/daily_1010/MergedFeatures/sean_20190306/scans/908/MergedFeatures_0_908_600.vti
435,533,0,909,/nfs_storage2/opt/dsc/usol0201/pipeline/daily_1010/MergedFeatures/sean_20190306/scans/909/MergedFeatures_0_909_600.vti
436,534,0,911,/nfs_storage2/opt/dsc/usol0201/pipeline/daily_1010/MergedFeatures/sean_20190306/scans/911/MergedFeatures_0_911_600.vti
437,535,0,912,/nfs_storage2/opt/dsc/usol0201/pipeline/daily_1010/MergedFeatures/sean_20190306/scans/912/MergedFeatures_0_912_600.vti
438,536,0,913,/nfs_storage2/opt/dsc/usol0201/pipeline/daily_1010/MergedFeatures/sean_20190306/scans/913/MergedFeatures_0_913_600.vti
439,537,0,916,/nfs_storage2/opt/dsc/usol0201/pipeline/daily_1010/MergedFeatures/sean_20190306/scans/916/MergedFeatures_0_916_600.vti
440,538,0,918,/nfs_storage2/opt/dsc/usol0201/pipeline/daily_1010/MergedFeatures/sean_20190306/scans/918/MergedFeatures_0_918_600.vti
441,539,0,919,/nfs_storage2/opt/dsc/usol0201/pipeline/daily_1010/MergedFeatures/sean_20190306/scans/919/MergedFeatures_0_919_600.vti
442,540,0,920,/nfs_storage2/opt/dsc/usol0201/pipeline/daily_1010/MergedFeatures/sean_20190306/scans/920/MergedFeatures_0_920_600.vti
443,541,0,921,/nfs_storage2/opt/dsc/usol0201/pipeline/daily_1010/MergedFeatures/sean_20190306/scans/921/MergedFeatures_0_921_600.vti
444,542,0,922,/nfs_storage2/opt/dsc/usol0201/pipeline/daily_1010/MergedFeatures/sean_20190306/scans/922/MergedFeatures_0_922_600.vti
445,543,0,923,/nfs_storage2/opt/dsc/usol0201/pipeline/daily_1010/MergedFeatures/sean_20190306/scans/923/MergedFeatures_0_923_600.vti
446,544,0,924,/nfs_storage2/opt/dsc/usol0201/pipeline/daily_1010/MergedFeatures/sean_20190306/scans/924/MergedFeatures_0_924_600.vti
447,545,0,925,/nfs_storage2/opt/dsc/usol0201/pipeline/daily_1010/MergedFeatures/sean_20190306/scans/925/MergedFeatures_0_925_600.vti
448,546,0,927,/nfs_storage2/opt/dsc/usol0201/pipeline/daily_1010/MergedFeatures/sean_20190306/scans/927/MergedFeatures_0_927_600.vti
449,547,0,929,/nfs_storage2/opt/dsc/usol0201/pipeline/daily_1010/MergedFeatures/sean_20190306/scans/929/MergedFeatures_0_929_600.vti
450,548,0,930,/nfs_storage2/opt/dsc/usol0201/pipeline/daily_1010/MergedFeatures/sean_20190306/scans/930/MergedFeatures_0_930_600.vti
451,549,0,931,/nfs_storage2/opt/dsc/usol0201/pipeline/daily_1010/MergedFeatures/sean_20190306/scans/931/MergedFeatures_0_931_600.vti
452,550,0,932,/nfs_storage2/opt/dsc/usol0201/pipeline/daily_1010/MergedFeatures/sean_20190306/scans/932/MergedFeatures_0_932_600.vti
453,551,0,933,/nfs_storage2/opt/dsc/usol0201/pipeline/daily_1010/MergedFeatures/sean_20190306/scans/933/MergedFeatures_0_933_600.vti
454,552,0,934,/nfs_storage2/opt/dsc/usol0201/pipeline/daily_1010/MergedFeatures/sean_20190306/scans/934/MergedFeatures_0_934_600.vti
455,553,0,935,/nfs_storage2/opt/dsc/usol0201/pipeline/daily_1010/MergedFeatures/sean_20190306/scans/935/MergedFeatures_0_935_600.vti
456,554,0,936,/nfs_storage2/opt/dsc/usol0201/pipeline/daily_1010/MergedFeatures/sean_20190306/scans/936/MergedFeatures_0_936_600.vti
457,555,0,937,/nfs_storage2/opt/dsc/usol0201/pipeline/daily_1010/MergedFeatures/sean_20190306/scans/937/MergedFeatures_0_937_600.vti
458,556,0,938,/nfs_storage2/opt/dsc/usol0201/pipeline/daily_1010/MergedFeatures/sean_20190306/scans/938/MergedFeatures_0_938_600.vti
459,557,0,940,/nfs_storage2/opt/dsc/usol0201/pipeline/daily_1010/MergedFeatures/sean_20190306/scans/940/MergedFeatures_0_940_600.vti
460,558,0,941,/nfs_storage2/opt/dsc/usol0201/pipeline/daily_1010/MergedFeatures/sean_20190306/scans/941/MergedFeatures_0_941_600.vti
461,559,0,942,/nfs_storage2/opt/dsc/usol0201/pipeline/daily_1010/MergedFeatures/sean_20190306/scans/942/MergedFeatures_0_942_600.vti
462,560,0,943,/nfs_storage2/opt/dsc/usol0201/pipeline/daily_1010/MergedFeatures/sean_20190306/scans/943/MergedFeatures_0_943_600.vti
463,561,0,944,/nfs_storage2/opt/dsc/usol0201/pipeline/daily_1010/MergedFeatures/sean_20190306/scans/944/MergedFeatures_0_944_600.vti
464,562,0,946,/nfs_storage2/opt/dsc/usol0201/pipeline/daily_1010/MergedFeatures/sean_20190306/scans/946/MergedFeatures_0_946_600.vti
465,563,0,949,/nfs_storage2/opt/dsc/usol0201/pipeline/daily_1010/MergedFeatures/sean_20190306/scans/949/MergedFeatures_0_949_600.vti
466,564,0,959,/nfs_storage2/opt/dsc/usol0201/pipeline/daily_1010/MergedFeatures/sean_20190306/scans/959/MergedFeatures_0_959_600.vti
467,565,0,964,/nfs_storage2/opt/dsc/usol0201/pipeline/daily_1010/MergedFeatures/sean_20190306/scans/964/MergedFeatures_0_964_600.vti
468,566,0,965,/nfs_storage2/opt/dsc/usol0201/pipeline/daily_1010/MergedFeatures/sean_20190306/scans/965/MergedFeatures_0_965_600.vti
469,567,0,969,/nfs_storage2/opt/dsc/usol0201/pipeline/daily_1010/MergedFeatures/sean_20190306/scans/969/MergedFeatures_0_969_600.vti
470,568,0,970,/nfs_storage2/opt/dsc/usol0201/pipeline/daily_1010/MergedFeatures/sean_20190306/scans/970/MergedFeatures_0_970_600.vti
471,569,0,971,/nfs_storage2/opt/dsc/usol0201/pipeline/daily_1010/MergedFeatures/sean_20190306/scans/971/MergedFeatures_0_971_600.vti
472,570,0,973,/nfs_storage2/opt/dsc/usol0201/pipeline/daily_1010/MergedFeatures/sean_20190306/scans/973/MergedFeatures_0_973_600.vti
473,571,0,977,/nfs_storage2/opt/dsc/usol0201/pipeline/daily_1010/MergedFeatures/sean_20190306/scans/977/MergedFeatures_0_977_600.vti
474,572,0,981,/nfs_storage2/opt/dsc/usol0201/pipeline/daily_1010/MergedFeatures/sean_20190306/scans/981/MergedFeatures_0_981_600.vti
475,573,0,983,/nfs_storage2/opt/dsc/usol0201/pipeline/daily_1010/MergedFeatures/sean_20190306/scans/983/MergedFeatures_0_983_600.vti
476,574,0,985,/nfs_storage2/opt/dsc/usol0201/pipeline/daily_1010/MergedFeatures/sean_20190306/scans/985/MergedFeatures_0_985_600.vti
477,575,0,987,/nfs_storage2/opt/dsc/usol0201/pipeline/daily_1010/MergedFeatures/sean_20190306/scans/987/MergedFeatures_0_987_600.vti
478,576,0,988,/nfs_storage2/opt/dsc/usol0201/pipeline/daily_1010/MergedFeatures/sean_20190306/scans/988/MergedFeatures_0_988_600.vti
479,577,0,989,/nfs_storage2/opt/dsc/usol0201/pipeline/daily_1010/MergedFeatures/sean_20190306/scans/989/MergedFeatures_0_989_600.vti
480,619,0,1143,/nfs_storage2/opt/dsc/usol0201/pipeline/daily_1010/MergedFeatures/sean_20190306/scans/1143/MergedFeatures_0_1143_600.vti
481,620,0,1145,/nfs_storage2/opt/dsc/usol0201/pipeline/daily_1010/MergedFeatures/sean_20190306/scans/1145/MergedFeatures_0_1145_600.vti
482,621,0,1146,/nfs_storage2/opt/dsc/usol0201/pipeline/daily_1010/MergedFeatures/sean_20190306/scans/1146/MergedFeatures_0_1146_600.vti
483,622,0,1147,/nfs_storage2/opt/dsc/usol0201/pipeline/daily_1010/MergedFeatures/sean_20190306/scans/1147/MergedFeatures_0_1147_600.vti
484,623,0,1148,/nfs_storage2/opt/dsc/usol0201/pipeline/daily_1010/MergedFeatures/sean_20190306/scans/1148/MergedFeatures_0_1148_600.vti
485,624,0,1149,/nfs_storage2/opt/dsc/usol0201/pipeline/daily_1010/MergedFeatures/sean_20190306/scans/1149/MergedFeatures_0_1149_600.vti
486,625,0,1150,/nfs_storage2/opt/dsc/usol0201/pipeline/daily_1010/MergedFeatures/sean_20190306/scans/1150/MergedFeatures_0_1150_600.vti
487,626,0,1151,/nfs_storage2/opt/dsc/usol0201/pipeline/daily_1010/MergedFeatures/sean_20190306/scans/1151/MergedFeatures_0_1151_600.vti
488,627,0,1152,/nfs_storage2/opt/dsc/usol0201/pipeline/daily_1010/MergedFeatures/sean_20190306/scans/1152/MergedFeatures_0_1152_600.vti
489,630,0,1157,/nfs_storage2/opt/dsc/usol0201/pipeline/daily_1010/MergedFeatures/sean_20190306/scans/1157/MergedFeatures_0_1157_600.vti
490,631,0,1160,/nfs_storage2/opt/dsc/usol0201/pipeline/daily_1010/MergedFeatures/sean_20190306/scans/1160/MergedFeatures_0_1160_600.vti
491,632,0,1161,/nfs_storage2/opt/dsc/usol0201/pipeline/daily_1010/MergedFeatures/sean_20190306/scans/1161/MergedFeatures_0_1161_600.vti
492,633,0,1162,/nfs_storage2/opt/dsc/usol0201/pipeline/daily_1010/MergedFeatures/sean_20190306/scans/1162/MergedFeatures_0_1162_600.vti
493,634,0,1163,/nfs_storage2/opt/dsc/usol0201/pipeline/daily_1010/MergedFeatures/sean_20190306/scans/1163/MergedFeatures_0_1163_600.vti
494,635,0,1166,/nfs_storage2/opt/dsc/usol0201/pipeline/daily_1010/MergedFeatures/sean_20190306/scans/1166/MergedFeatures_0_1166_600.vti
495,636,0,1167,/nfs_storage2/opt/dsc/usol0201/pipeline/daily_1010/MergedFeatures/sean_20190306/scans/1167/MergedFeatures_0_1167_600.vti
496,637,0,1168,/nfs_storage2/opt/dsc/usol0201/pipeline/daily_1010/MergedFeatures/sean_20190306/scans/1168/MergedFeatures_0_1168_600.vti
497,638,0,1169,/nfs_storage2/opt/dsc/usol0201/pipeline/daily_1010/MergedFeatures/sean_20190306/scans/1169/MergedFeatures_0_1169_600.vti
498,639,0,1170,/nfs_storage2/opt/dsc/usol0201/pipeline/daily_1010/MergedFeatures/sean_20190306/scans/1170/MergedFeatures_0_1170_600.vti
499,640,0,1171,/nfs_storage2/opt/dsc/usol0201/pipeline/daily_1010/MergedFeatures/sean_20190306/scans/1171/MergedFeatures_0_1171_600.vti
500,641,0,1172,/nfs_storage2/opt/dsc/usol0201/pipeline/daily_1010/MergedFeatures/sean_20190306/scans/1172/MergedFeatures_0_1172_600.vti
501,642,0,1177,/nfs_storage2/opt/dsc/usol0201/pipeline/daily_1010/MergedFeatures/sean_20190306/scans/1177/MergedFeatures_0_1177_600.vti
502,643,0,1178,/nfs_storage2/opt/dsc/usol0201/pipeline/daily_1010/MergedFeatures/sean_20190306/scans/1178/MergedFeatures_0_1178_600.vti
503,644,0,1179,/nfs_storage2/opt/dsc/usol0201/pipeline/daily_1010/MergedFeatures/sean_20190306/scans/1179/MergedFeatures_0_1179_600.vti
504,645,0,1180,/nfs_storage2/opt/dsc/usol0201/pipeline/daily_1010/MergedFeatures/sean_20190306/scans/1180/MergedFeatures_0_1180_600.vti
505,646,0,1181,/nfs_storage2/opt/dsc/usol0201/pipeline/daily_1010/MergedFeatures/sean_20190306/scans/1181/MergedFeatures_0_1181_600.vti
506,647,0,1182,/nfs_storage2/opt/dsc/usol0201/pipeline/daily_1010/MergedFeatures/sean_20190306/scans/1182/MergedFeatures_0_1182_600.vti
507,648,0,1183,/nfs_storage2/opt/dsc/usol0201/pipeline/daily_1010/MergedFeatures/sean_20190306/scans/1183/MergedFeatures_0_1183_600.vti
508,649,0,1184,/nfs_storage2/opt/dsc/usol0201/pipeline/daily_1010/MergedFeatures/sean_20190306/scans/1184/MergedFeatures_0_1184_600.vti
509,650,0,1185,/nfs_storage2/opt/dsc/usol0201/pipeline/daily_1010/MergedFeatures/sean_20190306/scans/1185/MergedFeatures_0_1185_600.vti
510,651,0,1187,/nfs_storage2/opt/dsc/usol0201/pipeline/daily_1010/MergedFeatures/sean_20190306/scans/1187/MergedFeatures_0_1187_600.vti
